MODÜL,BAŞLIK / DOSYA ADI,İÇERİK,KAYNAK LİNK
HAKKIMIZDA,Yapay Zeka ve Makine Öğrenmesi,"Yapay Zeka ve Makine Öğrenmesi Bölümü, öğrencilere yapay zeka ve makine öğrenmesi alanlarında derinlemesine bilgi ve beceri kazandırmayı hedefler. Bu program, öğrencilere güçlü bir eğitim temeli sağlayarak öğrencilerin modern yapay zeka teknolojileri ve uygulamaları konusunda uzmanlaşmalarını destekler. Eğitim süreci, öğrencilere hem teorik hem de pratik beceriler kazandırırken, aynı zamanda profesyonel, sosyal ve etik sorumluluk duygularını pekiştirir. Ayrıca, öğrenciler ulusal ve küresel düzeydeki sorunlara duyarlı olmaları için teşvik edilir ve ileri düzeyde yazılı ve sözlü iletişim becerileriyle donatılırlar. Program, yapay zeka ve makine öğrenimi alanındaki gelişmeleri yakından takip eder ve eğitim içeriğini bu doğrultuda sürekli günceller. Bu yaklaşım sayesinde mezunlar, yenilikçi yapay zeka çözümleri geliştirebilir ve sektörün ihtiyaçlarına cevap verecek donanıma sahip olurlar.
Yapay Zeka ve Makine Öğrenmesi bölümünden mezun olan öğrenciler genellikle kariyer hedeflerini yapay zeka ve makine öğrenimi uzmanlığına odaklayarak büyük teknoloji şirketlerinde, finans kuruluşlarında, eğitim, sağlık, elektronik, otomotiv gibi birçok farklı sektörde
o             İş analisti,
o             Zeki sistemler uzmanı,
o             Veri madenciliği ve Algoritma uzmanı,
o             Yapay Zeka Tasarım Uzmanı,
o             Bilişim teknolojileri uzmanı,
o             Araştırma Bilimcisi,
o             Veri Bilimcisi,
o
Veri analisti,
olarak çalışma imkanı bulabilirler.",https://www.ktun.edu.tr/tr/Birim/Hakkimizda/?brm=14Nor138UPTTvDv6Apnukw==
ÖĞRETİM PLANI,Öğretim planı için tıklayınız,"--- Sayfa 1 ---
YAPAY ZEKA ve MAKİNE ÖĞRENMESİ
Birinci Yarıyıl * Öğretim Elemanı
Ders
Dersin Adı T U AKTS
Kodu
1230101 Programlamaya Giriş 2 2 5
1230102 Yapay Zeka ve Makine Öğrenimine Giriş 3 2 6
1230103 Matematik I 4 0 6
1230104 Fizik 3 0 5
1230105 Atatürk İlkeleri ve İnkılâp Tarihi I 2 0 2
1230106 Türk Dili I 2 0 2
1230108 Yabancı Dil I 2 0 2
Üniversite Seçmeli 2 0 2
Toplam 20 4 30
AKTS: Avrupa Kredi Transfer Sistemi
T: Teori U: Uygulama
İkinci Yarıyıl *
Ders
Dersin Adı T U AKTS
Kodu
1230201 Nesneye Yönelik Programlama 2 2 5
1230202 Makine Öğrenmesinin İlkeleri 3 0 5
1230203 Matematik II 4 0 6
1230204 Algoritmalar 2 0 3
1230205 Atatürk İlkeleri ve İnkılâp Tarihi II 2 0 2
1230206 Türk Dili II 2 0 2
1230207 Lineer Cebir 3 0 5
1230208 Yabancı Dil II 2 0 2
Toplam 20 2 30
AKTS: Avrupa Kredi Transfer Sistemi
T: Teori U: Uygulama
Üçüncü Yarıyıl *
Ders
Dersin Adı T U AKTS
Kodu
1230301 Veri Yapıları 3 0 5
1230302 Ayrık Matematik 3 0 5
1230303 Yapay Zeka ve Etik 3 0 4
1230304 Bilimsel Hesaplama Teknikleri 3 0 4
1230305 Olasılık ve İstatistik 3 0 5
1230306 Diferansiyel Denklemler 3 0 5
Üniversite Seçmeli 2 0 2
Toplam 20 0 30
AKTS: Avrupa Kredi Transfer Sistemi
T: Teori U: Uygulama
Dördüncü Yarıyıl *
Ders
Dersin Adı T U AKTS
Kodu
1230401 Algoritma Tasarımı ve Analizi 3 0 5
1230402 Denetimli Öğrenmenin Temelleri 2 2 6
1230403 Yapay Zekanın İlkeleri 3 1 6
1230404 Veri Bilimi için İstatistik 3 0 5
1230405 Staj I 0 2 6
Üniversite Seçmeli 2 0 2
Toplam 13 5 30
T: Teori U: Uygulama AKTS: Avrupa Kredi Transfer Sistemi
--- Sayfa 2 ---
Beşinci Yarıyıl *
Ders
Dersin Adı T U AKTS
Kodu
1230501 Yapay Sinir Ağları 3 0 5
1230502 Uygulamalı Yapay Zeka 3 2 6
1230503 Yazılım Gereksinimleri ve Analizi 3 0 5
1230504 İş Sağlığı ve Güvenliği I 2 0 2
1230505 Teknik İngilizce 2 0 4
Teknik Seçmeli 3 0 6
Üniversite Seçmeli 2 0 2
Toplam 18 2 30
AKTS: Avrupa Kredi Transfer Sistemi
T: Teori U: Uygulama
Altıncı Yarıyıl *
Ders
Dersin Adı T U AKTS
Kodu
1230601 Veri Madenciliği 3 0 5
1230602 Uygulamalı Makine Öğrenmesi 3 2 6
1230603 Derin Öğrenme 3 0 5
1230604 İş Sağlığı Ve Güvenliği II 2 0 2
1230605 Staj II 0 2 6
Teknik Seçmeli 3 0 6
Toplam 14 4 30
AKTS: Avrupa Kredi Transfer Sistemi
T: Teori U: Uygulama
Yedinci Yarıyıl *
Ders
Dersin Adı T U AKTS
Kodu
1230701 Optimizasyon Teorisine Giriş 3 2 6
Teknik Seçmeli 3 0 6
Teknik Seçmeli 3 0 6
Teknik Seçmeli 3 0 6
Teknik Seçmeli 3 0 6
Toplam 15 2 30
AKTS: Avrupa Kredi Transfer Sistemi
T: Teori U: Uygulama
Sekizinci Yarıyıl *
Ders
Dersin Adı T U AKTS
Kodu
1230801 Bitirme Projesi 0 2 6
1230802 Pekiştirmeli Öğrenme 3 2 6
Teknik Seçmeli 3 0 6
Teknik Seçmeli 3 0 6
Teknik Seçmeli 3 0 6
Toplam 12 4 30
AKTS: Avrupa Kredi Transfer Sistemi
T: Teori U: Uygulama
Toplam Kredi: (T+U) 132+23
Toplam AKTS Kredisi: 240
--- Sayfa 3 ---
TEKNİK SEÇMELI DERSLER
5. VE 6. DÖNEM
1. 1230506 Otomat Teorisi 3 (T) 0 (U) 6 (AKTS)
2. 1230507 Görüntü İşlemeye Giriş 3 (T) 0 (U) 6 (AKTS)
3. 1230508 Bilgisayar Grafikleri 3 (T) 0 (U) 6 (AKTS)
4. 1230509 Veritabanı Sistemleri 3 (T) 0 (U) 6 (AKTS)
5. 1230510 Doğal Dil İşleme 3 (T) 0 (U) 6 (AKTS)
6. 1230606 Doğrusal Optimizasyon 3 (T) 0 (U) 6 (AKTS)
7. 1230607 Meta Sezgisel Optimizasyon Yöntemleri 3 (T) 0 (U) 6 (AKTS)
8. 1230608 Zaman Serisi Verileri için Makine Öğrenimi 3 (T) 0 (U) 6 (AKTS)
9. 1230609 Sayısal Analiz 3 (T) 0 (U) 6 (AKTS)
10. 1230610 Dijital Sinyal İşleme 3 (T) 0 (U) 6 (AKTS)
7. VE 8. DÖNEM
1. 1230702 Bilgisayarla Görü 3 (T) 0 (U) 6 (AKTS)
2. 1230703 Robotik'e Giriş 3 (T) 0 (U) 6 (AKTS)
3. 1230704 Kombinatoryal Optimizasyon 3 (T) 0 (U) 6 (AKTS)
4. 1230705 Derin Üretken Modeller 3 (T) 0 (U) 6 (AKTS)
5. 1230706 Beyin Bilgisayar Arayüzleri 3 (T) 0 (U) 6 (AKTS)
6. 1230707 Biyoinformatiğe Giriş 3 (T) 0 (U) 6 (AKTS)
7. 1230708 Graf Sinir Ağları 3 (T) 0 (U) 6 (AKTS)
8. 1230803 İnsan Bilgisayar Etkileşimi 3 (T) 0 (U) 6 (AKTS)
9. 1230804 Hesaplamalı Biyoloji 3 (T) 0 (U) 6 (AKTS)
10. 1230805 Oyun Teorisi 3 (T) 0 (U) 6 (AKTS)
11. 1230806 Bilişsel Robotik 3 (T) 0 (U) 6 (AKTS)
12. 1230807 Bulut Hesaplama 3 (T) 0 (U) 6 (AKTS)
13. 1230808 Paralel Programlama 3 (T) 0 (U) 6 (AKTS)
--- Sayfa 4 ---
PROGRAM NAME
First Semester * Teaching Staff
Course Code Dersin Adı T P ECTS
1230101 Introduction to Programming 2 2 5
1230102 Introduction to Artificial Intelligence and 3 2 6
Machine Learning
1230103 Calculus I 4 0 6
1230104 Physics 3 0 5
1230105 Ataturk's Principles and History of Turkish 2 0 2
Revolution I
1230106 Turkish Language I 2 0 2
1230108 Foreign Language I 2 0 2
Non-Technical Elective 2 0 2
Total 20 4 30
ECTS: European Credits Transfer System
T: Theoretical P: Practical
Second Semester *
Course Code Course Name T P ECTS
1230201 Object Oriented Programming 2 2 5
1230202 Principles of Machine Learning 3 0 5
1230203 Calculus II 4 0 6
1230204 Algorithms 2 0 3
1230205 Ataturk's Principles and History of Turkish 2 0 2
Revolution II
1230206 Turkish Language II 2 0 2
1230207 Linear Algebra 3 0 5
1230208 Foreign Language II 2 0 2
Total 20 2 30
ECTS: European Credits Transfer System
T: Theoretical P: Practical
Third Semester *
Course Code Course Name T P ECTS
1230301 Data Structures 3 0 5
1230302 Discrete Mathematics 3 0 5
1230303 Artificial Intelligence and Ethics 3 0 4
1230304 Scientific Computing Techniques 3 0 4
1230305 Probability and Statistics 3 0 5
1230306 Differantial Equations 3 0 5
Non-Technical Elective 2 0 2
Total 20 0 30
ECTS: European Credits Transfer System
T: Theoretical P: Practical
Fourth Semester*
Course Code Course Name T P ECTS
1230401 Algorithm Design and Analysis 3 0 5
1230402 Fundamentals of Supervised Learning 2 2 6
1230403 Principles of Artificial Intelligence 3 1 6
1230404 Statistics for Data Science 3 0 5
1230405 Internship I 0 2 6
Non-Technical Elective 2 0 2
Total 13 5 30
ECTS: European Credits Transfer System
T: Theoretical P: Practical
--- Sayfa 5 ---
Fifth Semester *
Course Code Course Name T P ECTS
1230501 Artificial Neural Networks 3 0 5
1230502 Applied Artificial Intelligence 3 2 6
1230503 Software Requirements and Analysis 3 0 5
1230504 Occupational Health and Safety I 2 0 2
1230505 Technical English 2 0 4
Technical Elective 3 0 6
Non-Technical Elective 2 0 2
Total 18 2 30
ECTS: European Credits Transfer System
T: Theoretical P: Practical
Sixth Semester *
Course Code Course Name T P ECTS
1230601 Data Mining 3 0 5
1230602 Applied Machine Learning 3 2 6
1230603 Deep Learning 3 0 5
1230604 Occupational Health and Safety II 2 0 2
1230605 Internship II 0 2 6
Technical Elective 3 0 6
Total 14 4 30
ECTS: European Credits Transfer System
T: Theoretical P: Practical
Seventh Semester *
Course Code Course Name T P ECTS
1230701 Introduction to Optimization Theory 3 2 6
Technical Elective 3 0 6
Technical Elective 3 0 6
Technical Elective 3 0 6
Technical Elective 3 0 6
Total 15 2 30
ECTS: European Credits Transfer System
T: Theoretical P: Practical
Eighth Semester *
Course Code Course Name T P ECTS
1230801 Graduation Project 0 2 6
1230802 Reinforcement Learning 3 2 6
Technical Elective 3 0 6
Technical Elective 3 0 6
Technical Elective 3 0 6
Total 12 4 30
ECTS: European Credits Transfer System
T: Theoretical P: Practical
Total Credits: 132+23;
Total ECTS Credits: 240
--- Sayfa 6 ---
TECHNICAL ELECTIVE COURSES
5. & 6. SEMESTER
1. 1230506 Automata Theory 3 (T) 0 (P) 6 (ECTS)
2. 1230507 Introduction to Image Processing 3 (T) 0 (P) 6 (ECTS)
3. 1230508 Computer Graphics 3 (T) 0 (P) 6 (ECTS)
4. 1230509 Database Systems 3 (T) 0 (P) 6 (ECTS)
5. 1230510 Natural Language Processing 3 (T) 0 (P) 6 (ECTS)
6. 1230606 Linear Optimization 3 (T) 0 (P) 6 (ECTS)
7. 1230607 Heuristic Optimization Methods 3 (T) 0 (P) 6 (ECTS)
8. 1230608 Machine Learning for Time-Series Data 3 (T) 0 (P) 6 (ECTS)
9. 1230609 Numerical Analysis 3 (T) 0 (P) 6 (ECTS)
10. 1230610 Digital Signal Processing 3 (T) 0 (P) 6 (ECTS)
7. & 8. SEMESTER
1. 1230702 Computer Vision 3 (T) 0 (P) 6 (ECTS)
2. 1230703 Introduction to Robotics 3 (T) 0 (P) 6 (ECTS)
3. 1230704 Combinatorial Optimization 3 (T) 0 (P) 6 (ECTS)
4. 1230705 Deep Generative Models 3 (T) 0 (P) 6 (ECTS)
5. 1230706 Brain Computer Interfaces 3 (T) 0 (P) 6 (ECTS)
6. 1230707 Introduction to Bioinformatics 3 (T) 0 (P) 6 (ECTS)
7. 1230708 Graph Neural Networks 3 (T) 0 (P) 6 (ECTS)
8. 1230803 Human Computer Interaction 3 (T) 0 (P) 6 (ECTS)
9. 1230804 Computational Biology 3 (T) 0 (P) 6 (ECTS)
10. 1230805 Game Theory 3 (T) 0 (P) 6 (ECTS)
11. 1230806 Cognitive Robotics 3 (T) 0 (P) 6 (ECTS)
12. 1230807 Cloud Computing 3 (T) 0 (P) 6 (ECTS)
13. 1230808 Parallel Programming 3 (T) 0 (P) 6 (ECTS)",https://www.ktun.edu.tr/Dosyalar/5008/files/%C3%96%C4%9Fretim%20Plan%C4%B1.pdf
AKADEMİK TAKVİM,Sayfa İçeriği,"2025-2026 Öğretim Yılı Akademik Takvimi
2025-2026 Akademik Takvimi
2024-2025 Öğretim Yılı Akademik Takvimi
2024-2025 Akademik Takvimi",https://www.ktun.edu.tr/tr/Birim/Index/?brm=IOMJGFO8/N5gUxBU0twQrw==
KALİTE VE AKREDİTASYON,KTÜN YAPAY ZEKA VE MAKİNE ÖĞRENMESİ BÖLÜMÜ MİSYONU VE VİZYONU (Detay),"--- Sayfa 1 ---
T.C.
KONYA TEKNİK ÜNİVERSİTESİ
YAPAY ZEKA VE MAKİNE ÖĞRENMESİ BÖLÜMÜ
KTÜN YAPAY ZEKA VE MAKİNE ÖĞRENMESİ BÖLÜMÜ MİSYONU
KTÜN Yapay Zeka ve Makine Öğrenmesi Bölümü, öğrencilere yapay zeka ve makine
öğrenmesi alanlarında derinlemesine teorik bilgi ve uygulamalı beceriler kazandırarak, onları
alanında uzman, yenilikçi ve çözüm odaklı bireyler olarak yetiştirmeyi amaçlamaktadır. Eğitim
programının hedefi, güncel yapay zeka teknolojilerine uyum sağlayarak, öğrencilerin sektörel ve
akademik ihtiyaçlara uygun donanıma sahip olmalarını sağlamaktır. Ayrıca, öğrencilerin etik ve
sosyal sorumluluk bilinciyle hareket eden, ulusal ve küresel sorunlara duyarlı bireyler olarak
yetişmelerini teşvik etmektir. Program, içeriğini sürekli güncelleyerek, mezunlarının büyük
teknoloji şirketlerinden sağlık, finans, otomotiv ve eğitim gibi farklı sektörlere kadar geniş bir
yelpazede istihdam edilmesini desteklemektedir. Bu doğrultuda, yapay zeka alanında bilimsel
gelişime ve toplumsal faydaya katkı sunmayı hedeflemektedir.
KTÜN YAPAY ZEKA VE MAKİNE ÖĞRENMESİ BÖLÜMÜ VİZYONU
KTÜN Yapay Zeka ve Makine Öğrenmesi Bölümü, yapay zeka ve makine öğrenmesi
alanında ulusal ve uluslararası düzeyde öncü bir eğitim ve araştırma merkezi olmayı
hedeflemektedir. Analitik düşünme yetisine sahip, etik değerleri benimsemiş ve disiplinler arası
çalışmalara katkı sağlayan bireyler yetiştirerek toplumsal ve endüstriyel ilerlemeye katkıda
bulunmayı amaçlamaktadır. Sürekli gelişen yapay zeka teknolojilerine uyum sağlayarak sektörel
ve akademik ihtiyaçlara cevap veren bir yapı oluşturarak, mezunlarının küresel ölçekte rekabet
edebilir yetkinliklere sahip olmasını sağlamaktadır.",https://www.ktun.edu.tr/Dosyalar/5008/files/Misyon%20ve%20Vizyon.pdf
KALİTE VE AKREDİTASYON,KTÜN YAPAY ZEKA VE MAKİNE ÖĞRENMESİ BÖLÜMÜ POLİTİKALARI (Detay),"--- Sayfa 1 ---
T.C.
KONYA TEKNİK ÜNİVERSİTESİ
YAPAY ZEKA VE MAKİNE ÖĞRENMESİ BÖLÜMÜ
KTÜN YAPAY ZEKA VE MAKİNE ÖĞRENMESİ BÖLÜMÜ
KALİTE GÜVENCESİ POLİTİKASI
● Yapay zeka ve makine öğrenmesi bölümünün misyonu, vizyonu ve amaçları ile uyumlu
çalışmalar sürdürme
● Küresel ihtiyaçlar doğrultusunda yenilikçi bireyler yetiştirme, öncü araştırma faaliyetleri
sürdürme
● İnsan kaynaklarının yetkinliğini ve motivasyonunu gözden geçirme ve artırma
● Uluslararası kabul görmüş standartlarda kalite yönetimi sağlama ve sürdürme
● GZFT analizlerini periyodik olarak gözden geçirme ve yenileme
● Değerlendirmede sürekliliği ve döngüselliği sağlayan sistemi kurma ve işletme
● Bilgisayar Mühendisliği iç ve dış değerlendirme, akreditasyon gibi mekanizmalarla
● akademik ve idari faaliyetleri sürekli gözden geçirme ve iyileştirme
● Süreçlerde ilgili paydaş katılımını sağlama, onlarla etkili iletişim ve işbirliği içinde olma
KTÜN YAPAY ZEKA VE MAKİNE ÖĞRENMESİ BÖLÜMÜ
EĞİTİM ÖĞRETİM POLİTİKASI
● Öğrenme odaklı eğitim-öğretim süreçleri oluşturma, değişen küresel koşullara hızlı uyum
sağlayabilecek öğrenme yetkinliğinde bireyler yetiştirme
● Ulusal ve uluslararası akreditasyon standartlarında eğitim-öğretim sistemi kurgulama ve
kısa ve orta vadede akreditasyonu belgelendirme ve sürdürme
● Eğitim-öğretimin güncel, çağın gerekliliklerine uyum sağlayacak şekilde
güncellenmesinde paydaş katkısını sağlama
● İhtiyaçlar doğrultusunda farklı yüz yüze veya uzaktan eğitim yöntemleriyle eğitimi
değişken koşullarda sürdürme
● Akademik kadronun araştırma ve geliştirme deneyimlerinin ve birikimlerinin sürekli
yenilenen ve gelişen eğitim-öğretime entegre edilmesini sağlama
--- Sayfa 2 ---
T.C.
KONYA TEKNİK ÜNİVERSİTESİ
YAPAY ZEKA VE MAKİNE ÖĞRENMESİ BÖLÜMÜ
KTÜN YAPAY ZEKA VE MAKİNE ÖĞRENMESİ BÖLÜMÜ
ARAŞTIRMA POLİTİKASI
● Gelişime öncülük eden, bilgi ve teknolojileri üreten bir araştırma üniversitesi olma
yolundaki üniversitemizin çalışmalarına katkı sağlama
● Disiplinler arası iş birliğine ve paydaş görüşlerine önem verme
● Üniversite stratejik planında belirlenen öncelikli alanlarda araştırmaların artmasını
sağlama
● Kamu-Üniversite-Sektör iş birliğini arttırma
● Araştırma yetkinliğini geliştirecek kurum içi hizmetler ve eğitimlere katılımı sağlama
● Sektörle ve dış paydaşlarla lisansüstü eğitim iş birliklerini geliştirmek
● Araştırma performansını ve çıktıları sürekli gözden geçirerek performansı arttırma
KTÜN YAPAY ZEKA VE MAKİNE ÖĞRENMESİ BÖLÜMÜ
TOPLUMSAL KATKI POLİTİKASI
● Toplum yaşamına etkisi veya katkısı olabilen araştırma çalışmaları ve çıktıları ile ilgili
toplumu bilgilendirme
● Akademisyenlerin uzmanlık alanlarında bilirkişilik ve danışmanlık hizmeti verme
● Sürekli Eğitim Merkezi üzerinden topluma güncel teknik konularda eğitimler verme
● Sosyal koşulların elverişli olduğu dönemlerde çeşitli sosyal, kültürel etkinlikler
düzenleme
● Öğrenci topluluklarının etkinlikleri ile topluma katkı yapacak çalışmalar düzenleme
--- Sayfa 3 ---
T.C.
KONYA TEKNİK ÜNİVERSİTESİ
YAPAY ZEKA VE MAKİNE ÖĞRENMESİ BÖLÜMÜ
KTÜN YAPAY ZEKA VE MAKİNE ÖĞRENMESİ BÖLÜMÜ
ULUSLARARASILAŞMA POLİTİKASI
● Mezunların aldığı eğitimin uluslararası tanınırlığını sağlama ve bunu belgelendirme
● Eğitim-öğretim müfredatlarında periyodik değerlendirmeler ile uluslararası uyumu
sağlayacak güncellemeleri yapma ve akreditasyonun sağlanması
● Tanınırlığı sağlayacak şekilde yabancı dilde web sayfası yayınlama
● Öğrenci ve öğretim elemanı hareketliliğini arttıracak şekilde değişim programlarına
katılımı arttırıcı çalışmalar yürütme
● Uluslararası iş birliklerini kolaylaştıracak mekanizmaları arttırma, etkinliklere ev
sahipliği yapma
KTÜN YAPAY ZEKA VE MAKİNE ÖĞRENMESİ BÖLÜMÜ
YÖNETİM POLİTİKASI
● Şeffaf ve hesap verebilir olma
● Eğitim ve öğretimde sürekli güncellemeyi ve kalite arttırmayı hedef edinme
● Araştırma altyapısını, kapasitesini ve kalitesini arttırma
● Mevcut potansiyeli ülke kalkınması, rekabetçiliğinin arttırılması ve uluslararası tanınırlık
için kullanma
● Kurumsal kültür oluşturma ve sürdürme
● Kurumsal aidiyet duygusunu oluşturacak ve güçlendirerek motivasyonlar sağlama
● Mezun aidiyetini sağlayacak iş birliği ve mezun yönetim sistemini destekleme
● Öğrencilerin kariyer planlarına destek verme
● Akademik ve idari personele yaşam boyu öğrenme bilinci aşılama ve hizmet içi eğitimler
verme
● Birim Kalite yönetim ve güvence sistemini kurma ve sürekliliğini sağlama
● Kamu imkanlarını israf önleyici şekilde doğru, etkin ve verimli kullanma
● Sektörün beyin gücü, işgücü ve araştırmacı ihtiyacına cevap verebilecek eğitim-öğretim
faaliyetlerini sürdürme ve arttırma",https://www.ktun.edu.tr/Dosyalar/5008/files/Politikalar.pdf
KALİTE VE AKREDİTASYON,"KTÜN YAPAY ZEKA VE MAKİNE ÖĞRENMESİ BÖLÜMÜ STRATEJİK AMAÇLARI, HEDEFLERİ ve PERFORMANS GÖSTERGELERİ (Detay)","--- Sayfa 1 ---
T.C.
KONYA TEKNİK ÜNİVERSİTESİ
KTÜN YAPAY ZEKA VE MAKİNE ÖĞRENMESİ
BÖLÜMÜ
STRATEJİK AMAÇLARI ve PERFORMANS
GÖSTERGELERİ
STRATEJİK AMAÇLAR, HEDEFLER ve PERFORMANS YILLAR*
GÖSTERGELERİ
2024
A1. Bilimsel araştırma-geliştirme faaliyetlerini artırmak
H1.1 Öğretim üyesi başına düşen toplam nitelikli yayın sayısını artırmak
PG.1.1.1. Ulusal hakemli
dergilerde
yayımlanmış ̧öğretim üyesi başına
düşen
yayın sayısı
PG.1.1.2. SCI, SCI-Expanded,
SSCI, AHCI
ve ESCI endeksli dergilerde
yayımlanmış ̧
öğretim üyesi başına düşen yayın
sayısı
PG.1.1.3. Öğretim üyesi başına
düşen atıf
sayısı (ISI Citation Index veri
tabanınca
taranan dergilerde yer alan
yayınlardan)
PG.1.1.4. Öğretim üyesi başına
düşen
ulusal ve uluslararası Sempozyum
ve
kongrelerde sunulan bildiri sayısı
H1.2. Bilimsel araştırma projelerini artırmak
PG.1.2.1. Ulusal ve uluslararası
özel veya
resmi kurum ve kuruluşlar
tarafından
--- Sayfa 2 ---
desteklenen Ar-Ge niteliği taşıyan
proje
sayısı (BAP dahil edilmiştir)
PG.1.2.2. Üniversite tarafından
bilimsel
araştırma projelerine sağlanan
destek
miktarı (₺)
PG.1.2.3. Ulusal Kaynaklardan
(BAP
Hariç) araştırma projeleri için elde
edilen
toplam destek miktarı (₺)
PG.1.2.4. Uluslararası
Kaynaklardan
araştırma projeleri için elde edilen
toplam destek miktarı
PG.1.2.5. Değişim programları
haricinde
araştırma amaçlı yurt dışına giden
öğretim elemanı sayısı
H1.3. Öğretim üyesi başına düşen patent, faydalı model ve tasarım sayısını
artırmak
PG.1.3.1. Başvurulan patent,
faydalı
model veya tasarım sayısı
PG.1.3.2. Sonuçlanan patent,
faydalı
model veya tasarım sayısı
PG.1.3.3. Ticarileşen patent,
faydalı
model veya tasarım sayısı
H1.4. Araştırma altyapısını geliştirmek
PG.1.4.1. Çok disiplinli araştırma
yapılan
merkez sayısı
PG.1.4.1. Çok disiplinli araştırma
yapılan
merkez sayısı
PG.1.4.3. Akredite olan araştırma
laboratuvarı sayısı
PG.1.4.4. Öğretim üyesi başına
düşen
BAP (araştırma/tez) projesi destek
sayısı
--- Sayfa 3 ---
A2. Eğitim ve öğretim faaliyetlerini ulusal ve uluslararası standartlarda
gerçekleştirmek
H2.1. Eğitim programlarının niteliğinin geliştirilmesi
PG.2.1.1 Lisans öğretiminde
akredite
program sayısı
PG.2.1.2. Ön lisans öğretiminde
akredite
program sayısı
PG.2.1.3. Yüksek lisans
öğretiminde akredite
program sayısı
PG.2.1.4. Lisansüstü ve lisans
programlarında
öğretim üyesi başına öğrenci sayısı
PG.2.1.5. Ön lisans
programlarında öğretim
elemanı başına öğrenci sayısı
H2.2. Alternatif öğretim imkânlarının geliştirilmesi
PG.2.2.1. Çift anadal ve yandal
yapılan
program sayısı
PG.2.2.2. Değişim
programlarından
faydalanan öğrenci sayısı
PG.2.2.3. Disiplinler arası yüksek
lisans sayısı
PG.2.2.4. Öğrencinin Uzaktan
Öğretimle
aldığı AKTS’nin toplam aldığı
AKTS değerine
oranı (%)
PG.2.2.5. Yabancı dil ile öğretim
veren
program sayısı
H2.3. Eğitim ve öğretimde uluslararasılaşma faaliyetlerinin artırılması
PG.2.3.1. Ön lisans ve Lisans
öğretiminde
yabancı uyruklu öğrenci sayısının
toplam
öğrenci sayısına oranı (%)
PG.2.3.2 Lisansüstü öğretiminde
yabancı
--- Sayfa 4 ---
uyruklu öğrenci sayısının toplam
öğrenci
sayısına oranı (%)
PG.2.3.3 Uluslararası değişim
programları
kapsamında giden öğrenci sayısı
PG.2.3.4 Lisansüstü seviyede
uluslararası
değişim programları kapsamında
gelen
öğrenci sayısı
H2.4. Ulusal ve uluslararası görünürlüğümüzün artırılması
PG.2.4.1. Düzenlenen uluslararası
etkinliklerin sayısı
PG.2.4.2. Düzenlenen ulusal
etkinliklerin
sayısı
PG.2.4.3. Akademik personelin
yurt dışındaki
uluslararası etkinliklere katılım
sayısı
PG.2.4.4. Akademik personelin
yurt içi
etkinliklere katılım sayısı
PG.2.4.5. Üniversitemizin Ulusal
Başarı
Sıralamalarındaki (University
Ranking by
Academic Performance (URAP))
Yeri
H2.5. Eğitim ve öğretim altyapısını geliştirmek
PG.2.5.1. Eğitim ve Araştırma İçin
Kullanılan
Lisanslı Yazılım Sayısı
PG.2.5.2 Laboratuvardaki cihaz
sayısı
H2.6. Eğitim-öğretim ile ilgili geri bildirimin alınması
PG.2.6.1 Mevcut öğrenci anketi
PG.2.6.2 Mezun öğrenci anketi
PG.2.6.3 İşveren anketi
A3. Kamu-Üniversite-Sektör iş birliğini artırmak
H3.1- Üniversite-Sanayi iş birliğini kurumsallaştırmak ve hizmet kapasitesinin
artırılması
--- Sayfa 5 ---
PG.3.1.1. Üniversite ile ilişkili
teknoparklarda
öğretim elemanlarınca veya dış
paydaşlarla
ortak yapılan proje sayısı
PG.3.1.2. Üniversite ile ilişkili
teknoparklarda
kurulan şirket ve yeni birim
(kuluçka merkezi,
laboratuvar, atölye) sayıları
PG.3.1.3. Öğrencilerin staj
imkânlarının
artırılmasına yönelik yapılan
protokol sayısı
PG.3.1.4. Öğrencilerin girişimcilik
ruhunun
artırılmasına yönelik yapılan
faaliyetlerin
sayısı
Hedef: H3.2- Kamu-Üniversite-Sektör (KÜSİ) arasında gerçekleştirilecek ar-ge
proje/sözleşme kapasitesi ve etkinliğinin artırılması
PG.3.2.1. KÜSİ ile ortak yürütülen
proje sayısı 0
PG.3.2.2. KÜSİ ile ortak yürütülen
projelerin
toplam bütçesi (milyon ₺)
PG.3.2.3. KÜSİ kapsamında
sözleşme karşılığı
verilen danışmanlık hizmeti sayısı
PG.3.2.4. KÜSİ kapsamında
imzalanmış ve
devam eden protokol sayısı
A4. Topluma sunulan hizmet ve sosyal sorumluluk projelerini artırmak
H4.1 Sosyal sorumluluk projesi sayısının artırılması
PG.4.1.1 Topluma yönelik
düzenlenen
etkinlik sayısı
PG.4.1.2.Yürütülen sosyal
sorumluluk proje
sayısı
PG.4.1.3.Düzenlenen Sosyal
İçerikli Kurs
Sayısı
PG.4.1.4.Düzenlenen Sosyal
İçerikli
--- Sayfa 6 ---
Kurslardan yararlanan kişi sayısı
H4.2- Üniversitemizce sunulan eğitim ve sertifika programlarından yararlanma
düzeyinin artırılması
PG.4.2.1.Sürekli Eğitim Merkezi
Tarafından Düzenlenen Kurs
Sayısı
PG.4.2.2.Sürekli Eğitim Merkezi
Tarafından Düzenlenen Kurslardan
yararlanan kişi sayısı
PG.4.2.3.Meslek edinme ve
geliştirmeye
yönelik sertifikalı eğitim programı
sayısı
H4.3- Kültür, sanat, spor faaliyetleri ve sosyal faaliyetlerin artırılması
PG.4.3.1. Gerçekleştirilen ulusal
sportif,
kültürel ve sanatsal faaliyet sayısı
PG.4.3.2. Gerçekleştirilen
uluslararası
sportif, kültürel ve sanatsal
faaliyet sayısı
PG.4.3.3. Gerçekleştirilen spor,
sanat ve
kültürel faaliyetlere katılan kişi
sayısı
H4.4- Çevreci ve engelsiz üniversite sıralamasındaki yerimizin iyileştirilmesi
PG.4.4.1 Çevre duyarlılığına
ilişkin
yapılan toplam faaliyet sayısı
PG.4.4.2 Sürdürülebilir (Çevre
duyarlı)
bina sayısının toplam bina sayısına
olan
oranı (%)
PG.4.4.3 Engellilerin üniversite
hizmetlerinden memnuniyet
düzeyi
(%engelli)
PG.4.4.4 Engelli dostu bina
sayısının
toplam bina sayısına oranı (%)
A5. Kurumsal kapasiteyi artırmak ve kurum kültürünü geliştirmek
H5.1- Mali kaynak yönetiminin güçlendirilmesi ve öz gelirlerin artırılması
--- Sayfa 7 ---
Döner Sermaye kapsamında
yapılan işler
(Toplam ₺)
PG.5.1.2. Bütçe Gerçekleşme
Oranı (%)
Hedef: H5.2- Fiziki altyapı ve kaynakların geliştirilmesi
PG 5.2.1. Üniversite yeni kampüs
alanı için
binaların tamamlanma oranı (%)
PG.5.2.2. İdari personel başına
düşen
kullanım alanı (m2)
PG.5.2.3. Arşivleme alanı (m2)
PG.5.2.4. Eğitim fonksiyonunda
öğrenci
başına düşen kapalı alan (m2)
PG.5.2.5. Öğrenci başına düşen
toplam spor-
sosyal tesis alanı (m2)
Hedef: H5.3- Personelin kişisel gelişiminin desteklenmesi
PG 5.3.1. İdari personelin mesleki
gelişimine
yönelik hizmet içi eğitim sayısı
PG 5.3.2. Hizmet içi eğitimlere
katılan
personelin toplam personel
sayısına oranı (%)
PG 5.3.3. Personelin eğitim
faaliyetlerinden
memnuniyet oranı (%)
Hedef: H5.4- Paydaşlarla iletişimin ve katılımcılığın artırılması
PG.5.4.1. Dış paydaşlarla yapılan
yıllık
toplantı sayısı
PG.5.4.2. Mevcut öğrenci
memnuniyet
düzeyi (%)
PG.5.4.3. Mezun öğrenci
memnuniyet düzeyi
(%)
PG.5.4.4. İdari personel
memnuniyet oranı (%)
PG.5.4.5. Akademik personel
memnuniyet
--- Sayfa 8 ---
oranı (%)
* Tabloda beş yıllık veriler gösterilecektir (Başlangıç yılı 2024). A: Amaç, H:
Hedef,
PG: Performans Göstergesi",https://www.ktun.edu.tr/Dosyalar/5008/files/STRATEJ%c4%b0K%20AMA%c3%87LARI%20ve%20PERFORMANS%20G%c3%96STERGELER%c4%b0.pdf
KALİTE VE AKREDİTASYON,KTÜN YAPAY ZEKA VE MAKİNE ÖĞRENMESİ BÖLÜMÜ PAYDAŞ LİSTESİ (Detay),"--- Sayfa 1 ---
Üst Birim Adı: Mühendislik ve Doğa Bilimleri Fakültesi
Birim Adı: Yapay Zeka ve Makine Öğrenmesi Bölümü
Yıl: 2024
Tablo A5.1 Paydaş Listesi ve Katkı Sağlama Şekli
Hangi Sürece Katkı Sağlayacağı
Paydaş Adı İç Paydaş/ Dış Paydaş (Karar Alma, Yönetişim,
İyileştirme, v.d.)
Akademik Personel İç Paydaş Karar Alma, İyileştirme,
Eğitim/Öğretim ve Ar-Ge
hizmetleri
Öğrenciler İç Paydaş Eğitim/Öğretim ve İyileştirme
Yönetim Birimleri (Bölüm) İç Paydaş Karar Alma, Yönetişim ve
İyileştirme
İdari Personel (Bölüm) İç Paydaş Yönetişim ve İyileştirme
İdari Personel Dış Paydaş Yönetişim ve İyileştirme
(Fakülte/Üniversite)
Yönetim Birimleri Dış Paydaş Yönetişim ve İyileştirme
(Fakülte/Üniversite)
Mezunlar Dış Paydaş İyileştirme ve Bölüm Tanıtımı
Teknoparklar Dış Paydaş İyileştirme ve Ar-Ge hizmetleri
Düzenleyici Kurumlar.
(YÖK, YÖKAK, Bilgisayar Dış Paydaş Yönetişim ve İyileştirme
Mühendisleri Odası vb.)
Diğer Devlet Kurumları Dış Paydaş İyileştirme ve Ar-Ge hizmetleri
(MEB, Kalkınma Ajansı vb.)
Yerel Yönetimler
(Belediyeler, Valilikler, Dış Paydaş İyileştirme ve Ar-Ge hizmetleri
Kaymakamlıklar vb.)
Özel Sektör (Mezunlarımızı
İstihdam Eden Şirketler, Dış Paydaş İyileştirme, Ar-Ge hizmetleri ve
Bankalar, Sanayi Kuruluşları Bölüm Tanıtımı
vb.)",https://www.ktun.edu.tr/Dosyalar/5008/files/Payda%c5%9f%20Listesi%20ve%20Katk%c4%b1%20Sa%c4%9flama%20%c5%9eekli.pdf
KALİTE VE AKREDİTASYON,-Bölüm Başkanı-Bölüm Sekreterliği-Staj Komisyonu-Lisans Mezuniyet Komisyonu-Lisans Muafiyet Komisyonu-Bölüm Proje Komisyonu-Lisans Sınav ve Ders Programı Hazırlama Komisyonu-Yandal ve Çift Anadal Koordinatörlüğü,"--- Sayfa 1 ---
T.C. Doküman No YZMB-GT-3.14.001
KONYA TEKNİK ÜNİVERSİTESİ İlk Yayın Tarihi 01/10/2025
Mühendislik ve Doğa Bilimleri Fakültesi Revizyon No 0
Yapay Zeka ve Makine Öğrenmesi Bölümü Revizyon Tarihi
GÖREV TANIMI FORMU Sayfa 1 / 1
Görev Unvanı: Bölüm Başkanı
Üst Birim Adı: Mühendislik ve Doğa Bilimleri Fakültesi
Birim Adı: Yapay Zeka ve Makine Öğrenmesi Bölümü
Üst Yönetici(ler): Fakülte Dekanı
Bağlı Alt Unvanlar: Öğretim Elemanları, Sekreter
Vekalet Eden: Bölüm Başkan Yardımcısı
Görevin Tanımı
Bölümdeki eğitim/öğretim faliyetlerinin düzenli ve verimli yürütülmesi için gerekli yönetim işlemlerini yapar.
Görevin Sorumlulukları ve Yetkileri
1. Bölümün eğitim-öğretim ve araştırma ile ilgili faaliyetlerin düzenli bir şekilde yürütülmesi ve değerlendirilmesi için uygun
zamanlarda Bölüm Akademik Kurulunu toplamak,
2. Ders görevlendirmeleri ön hazırlığı ile ders ve sınav programlarını hazırlamak ve gerektiğinde Fakülte Yönetim Kurulu’na
görüş bildirmek.
3. Sınavlarının düzenlenmesini ve yürütülmesini sağlamak,
4. Bölüm kadro yapısının norm kadro çerçevesinde planlamasını Bölüm Kurulu ile birlikte yapmak,
5. Bölümde görevli öğretim elemanlarının performanslarını izlemek ve görevlerini tam olarak yapmalarını sağlamak,
6. Bölümle ilgili gelişmelerin izlenmesi ve eğitim-öğretimle ilgili sorunları gidermek üzere uygun gördüğü zamanlarda Bölüm
Kurulunu toplamak,
7. Bölümde bilimsel çalışmaların arttırılmasını, öğretim elemanlarının ulusal ve uluslararası faaliyetlere katılımlarını teşvik
etmek,
8. Bölümdeki öğretim elemanlarının görev tanımlarını tebliğ etmek ve sonuçlarını takip etmek,
9. Bölümün eğitim-öğretim faaliyetlerini planlamak, stratejik plan çerçevesinde bölümün performansının arttırılmasını Bölüm
Kurulu ile birlikte sağlamak,
10. Ek ders ve sınav ücret çizelgelerinin zamanında, gerçeğe uygun şekilde beyan edilmesini sağlamak,
11. Fakülte Kurulu toplantılarına katılarak bölümünü temsil etmek,
12. Öğretim elemanlarının derslerini düzenli olarak yapmalarını, ders takip çizelgeleri ve sınav evraklarının dönem sonunda
bölüme teslim edilmesini sağlamak,
13. Kaynakların verimli, etkin ve ekonomik kullanılmasını sağlamak,
14. Öğrencilerin başarı durumlarını izlemek, bilgilendirmek ve sorunlarının çözümüne yönelik toplantılar yapmak,
15. Bölümün paydaşı olan kurum ve kişilerle işbirliği yaparak, eğitim-öğretim ve araştırma faaliyetlerinin, program ve öğrenim
çıktılarının bu işbirliğine göre şekillenmesini sağlamak, Sınav programlarının hazırlanmasını, sınavların düzenli ve zamanında
yapılmasını sağlamak,
16. Bologna işlemleri kapsamında, Bilgi Paketinde Bölüm/Programın tanıtımına ilişkin bilgilerin ve ders tanıtım formlarının
paydaş toplantı sonuçları TYYÇ ve stratejik plan çerçevesinde oluşturulması ve güncel olmasını Bölüm Kurulu ile birlikte
sağlamak,
17. Ders planlarının güncel kalmasını sağlamak,
Görevin Gerektirdiği Nitelikler
1. 657 sayılı Devlet Memurları Kanunu'nda belirtilen genel niteliklere sahip olmak.
2. 2547 sayılı Yüksek Öğretim Kanunu'nda belirtilen genel niteliklere sahip olmak.
3. 2914 sayılı Yüksek Personel Kanunu'nda belirtilen genel niteliklere sahip olmak.
4. Başkanlığını yaptığı bölümle ilgili eğitim/öğretim tecrübesine sahip olmak.
5. Yönetim becerisine sahip olmak.
6. Eşitlikçi ve adil olmak.
7. Farklı fikirlere önem vermek.
8. Yenilikçi olmak.
İşbu görev tanımını okuduğumu ve mevcut görevlerimi kapsadığını kabul ediyorum. Görev tanımı gerektiğinde güncelliği
sağlamak amacıyla revize edilecektir.
01/10/2025
Görev Unvanı Sorumlusu Onaylayan Üst Yönetici
Doç. Dr. Hakan YILMAZ Prof. Dr. Ali KÖKEN
© Copyright Ağustos 2023, Prof. Dr. İsmail KARAOĞLAN - Tüm Hakları Saklıdır Bilgi için: kalitekoOorludşintuartourlmluag uT@arkihtui: n1.4e.d1u0..t2r 025",https://www.ktun.edu.tr/Dosyalar/5015/files/B%c3%b6l%c3%bcm%20Ba%c5%9fkanl%c4%b1%c4%9f%c4%b12_xlsx%20-%20Ek-A3_1.pdf
KALİTE VE AKREDİTASYON,-Bölüm Sekreterliği,"--- Sayfa 1 ---
T.C. Doküman No YZMB-GT-3.14.001
KONYA TEKNİK ÜNİVERSİTESİ İlk Yayın Tarihi 01/10/2025
Mühendislik ve Doğa Bilimleri Fakültesi Revizyon No 0
Yapay Zeka ve Makine Öğrenmesi Bölümü Revizyon Tarihi
GÖREV TANIMI FORMU Sayfa 1 / 1
Görev Unvanı: Bölüm Sekreteri
Üst Birim Adı: Mühendislik ve Doğa Bilimleri Fakültesi
Birim Adı: Yapay Zeka ve Makine Öğrenmesi Bölümü
Üst Yönetici(ler): Bölüm Başkanı
Bağlı Alt Unvanlar:
Vekalet Eden:
Görevin Tanımı
Yazışma işlerini yürütmekle görevli olan Bölüm Sekreteri evrakların bilgisayar ortamında hazırlanması, imzalanması ve
arşiflenmesini sağlar. Görevini ilgilendiren tüm konularda gerekli tüm faliyetlerin yürütülmesi amacıyla çalışmalar yapar.
Görevin Sorumlulukları ve Yetkileri
1- Bölümden giden ve Bölüme gelen yazıların evrak kayıtlarını “giden” ve “gelen” dosyalara arşivler, yazıları dosyalar.
Dekanlıktan gelen yazıların Bölüm Başkanlığınca gereğinin yapılmasını izler, gereken yazıların gününde Dekanlığa iletilmesini
sağlar.
2- Toplantı duyurularını yapar.
3- Bölüm Kurulu raporlarını yazarak imzalandıktan sonra ilgili yerlere iletir, bir örneğini dosyalar.
4- Bölüm personelinin yıllık izin, doğum, ölüm, mazeret izni, rapor, görevlendirme vb. yazılarını yazar.
5- Dekanlıktan gelen öğrenci ile ilgili “Fakülte Yönetim Kurulu” kararlarını ilgili öğretim elemanlarına duyurur.
6- Gelen evrakların kaydedilmesi ve sevk edilen birimlere yönlendirilmesini yapar.
7- Bölüme gelen postaları Dekanlıktan teslim alıp ilgili birimlere teslim eder.
8- Bölümün yazı işlerinin yürütür, Bölüme ait yazıları gerektiği kadar çoğaltır ve ilgililere teslim eder.
9- Bölüm Kurulu Kararlarını ve üst yazıları Bölüm Başkanı gözetiminde yazar.
10- Giden evrakları kaydeder ve suretlerini dosyalar.
11- Evrakları ilgili kişi veya birime zimmetle teslim eder ve ilgili kişi veya birimden zimmetle teslim alır.
12- Yarıyıl sonu sınavı sonuçlarını ders veren öğretim elemanlarından toplar ve Dekanlığa sunar.
13- Birim dosyalama işlemlerini yapar, arşive devredilecek malzemelerin teslimini sağlar.
14- Öğrencilerle ilgili olarak Öğrenci İşleri Daire Başkanlığı’nın görev, yetki ve sorumluğu dışındaki ve kendisinin sorumluğuna
verilen öğrenci işleri ile ilgili tüm işleri yerine getirir.
15- Bağlı olduğu üst yönetici/yöneticileri tarafından verilen diğer işleri ve işlemleri yapar.
Görevin Gerektirdiği Nitelikler
1. 657 sayılı Devlet Memurları Kanunu'nda belirtilen genel niteliklere sahip olmak.
2. Görevinin gerektirdiği düzeyde iş yapmak.
3. Değişime ve gelişime açık olmak.
4. Faaliyetlerin sürdürebilmesinde gerekli araçları kulanabilmek.
İşbu görev tanımını okuduğumu ve mevcut görevlerimi kapsadığını kabul ediyorum. Görev tanımı gerektiğinde güncelliği
sağlamak amacıyla revize edilecektir.
01/10/2025
Görev Unvanı Sorumlusu Onaylayan Üst Yönetici
Rıza SOLAK Doç. Dr. Hakan YILMAZ
© Copyright Ağustos 2023, Prof. Dr. İsmail KARAOĞLAN - Tüm Hakları Saklıdır Bilgi için: kalitekoOorludşintuartourlmluag uT@arkihtui: n1.4e.d1u0..t2r 025",https://www.ktun.edu.tr/Dosyalar/5015/files/B%c3%b6l%c3%bcm%20Sekreterli%c4%9fi_xlsx%20-%20Ek-A3_1.pdf
KALİTE VE AKREDİTASYON,-Staj Komisyonu,"--- Sayfa 1 ---
T.C. Doküman No YZMB-GT-3.14.001
KONYA TEKNİK ÜNİVERSİTESİ İlk Yayın Tarihi 01/10/2025
Mühendislik ve Doğa Bilimleri Fakültesi Revizyon No 0
Yapay Zeka ve Makine Öğrenmesi Bölümü Revizyon Tarihi
GÖREV TANIMI FORMU Sayfa 1 / 1
Görev Unvanı: Staj Komisyonu Başkanı
Üst Birim Adı: Mühendislik ve Doğa Bilimleri Fakültesi
Birim Adı: Yapay Zeka ve Makine Öğrenmesi Bölümü
Üst Yönetici(ler): Bölüm Başkanı
Bağlı Alt Unvanlar: Staj Komisyonu Üyeleri
Vekalet Eden:
Görevin Tanımı
Görevin Tanımı
Konya Teknik Üniversitesi Mühendislik ve Doğa Bilimleri Fakültesi Bilgisayar Mühendisliği Staj Yönergesinde tanımlı şekilde staj
işlemlerini yürütmek ve koordinasyonunu sağlamak, stajer öğrencilerin staj sürecini kontrol etmek ve yapılan stajı
değerlendirmek.
Görevin Sorumlulukları ve Yetkileri
Bölüm staj komisyonu, staj başvurularının başlama tarihinden önce, staj konusu ve stajın yapılış şekli hakkında öğrencileri
bilgilendirmek
üzere en az bir kez toplantı düzenler.
Bölüm staj komisyonu staj yerinin uygunluğuna karar verir.
Bölüm staj komisyonu üyeleri veya bölüm başkanının görevlendireceği öğretim elemanları, staj tarihlerinde, kontrol amacıyla
staj yerlerini ziyaret edebilir. Kontroller sırasında stajyerin staj yerinde bulunmaması halinde durum tutanakla bölüm
başkanlığına bildirilir.
Görevin Gerektirdiği Nitelikler
Konya Teknik Üniversitesi Mühendislik ve Doğa Bilimleri Fakültesi Bilgisayar Mühendisliği Staj Yönergesinde tanımlı şekilde staj
işlemlerinin koordinasyonunu sağlamak ve akademik değerlendirmesini yapacak bölümde kadrolu öğretim üyesi olmak.
İşbu görev tanımını okuduğumu ve mevcut görevlerimi kapsadığını kabul ediyorum. Görev tanımı gerektiğinde güncelliği
sağlamak amacıyla revize edilecektir.
01/10/2025
Görev Unvanı Sorumlusu Onaylayan Üst Yönetici
Doç. Dr. Hakan YILMAZ Doç. Dr. Hakan YILMAZ
© Copyright Ağustos 2023, Prof. Dr. İsmail KARAOĞLAN - Tüm Hakları Saklıdır Bilgi için: kalitekoOorludşintuartourlmluag uT@arkihtui: n1.4e.d1u0..t2r 025",https://www.ktun.edu.tr/Dosyalar/5015/files/Staj%20Komisyonu_xlsx%20-%20Ek-A3_1.pdf
KALİTE VE AKREDİTASYON,-Lisans Mezuniyet Komisyonu,"--- Sayfa 1 ---
T.C. Doküman No YZMB-GT-3.14.001
KONYA TEKNİK ÜNİVERSİTESİ İlk Yayın Tarihi 01/10/2025
Mühendislik ve Doğa Bilimleri Fakültesi Revizyon No 0
Yapay Zeka ve Makine Öğrenmesi Bölümü Revizyon Tarihi
GÖREV TANIMI FORMU Sayfa 1 / 1
Görev Unvanı: Lisans Mezuniyet Komisyonu Başkanı
Üst Birim Adı: Mühendislik ve Doğa Bilimleri Fakültesi
Birim Adı: Yapay Zeka ve Makine Öğrenmesi Bölümü
Üst Yönetici(ler): Bölüm Başkanı
Bağlı Alt Unvanlar: Mezuniyet Komisyonu Üyeleri
Vekalet Eden:
Görevin Tanımı
İlgili Mevzuat çerçevesinde, eğitim-öğretim dönemini başarıyla tamamlayan ve mezuniyete hak kazanan öğrencilerin, kontrol
amaçlı not durum belgelerini eğitim-öğretim planlarıyla karşılaştırarak incelemek ve eğitim-öğretim planını başarıyla
tamamlamış öğrencilerin mezuniyetine karar vermektir
Görevin Sorumlulukları ve Yetkileri
* Eğitim-öğretim dönemini başarıyla tanımlamış ve mezuniyete hak kazanmış öğrencilerin not durum belgelerini, eğitim-öğretim
planı ile karşılaştırarak kontrol amaçlı incelemek.
* Mezun durumundaki öğrencilerin durumlarını görüşmek ve değerlendirmek.
* Değerlendirme yapmadan önce, öğrenci işleri bürosundan mezun listelerinin, eğitim-öğretim planlarının ve kontrol amaçlı not
durum belgelerinin gelmiş olmasını kontrol etmek.
* Mezuniyete hak kazanmış öğrencilerin transkriptlerini inceleyerek eksik kredilerinin olup olmadığını kontrol etmek.
* Yönetmelikte belirtilen AKTS’yi tamamlayan öğrenciler için Mezuniyet Komisyon Kararı almak.
* Değişim programlarında olan öğrencilerin (Erasmus, Farabi ve Mevlana) mezuniyetlerinin belirlenmesinin, ilgili
üniversitelerden not gelmesi durumunda yapılacak olması nedeniyle, gerektiğinde bu durumda olan öğrenciler için farklı
zamanlarda toplantı yapmak ve kararlar almak.
* Mezuniyet Töreni organizasyonunda görev almak.
* Mezuniyet Komisyonunda alınan kararları, ilgili Bölüm Başkanlığına bildirmek
Görevin Gerektirdiği Nitelikler
1- 2547 sayılı Yükseköğretim kanunu’nda belirtilen genel niteliklere sahip olmak,
2- Konya Teknik Üniversitesi Önlisans ve Lisans Eğitim-Öğretim ve Sınav Yönetmeliğinde belirtilen hükümleri uygulayabilecek
nitelikte olmak
İşbu görev tanımını okuduğumu ve mevcut görevlerimi kapsadığını kabul ediyorum. Görev tanımı gerektiğinde güncelliği
sağlamak amacıyla revize edilecektir.
01/10/2025
Görev Unvanı Sorumlusu Onaylayan Üst Yönetici
Doç. Dr. Hakan YILMAZ Doç. Dr. Hakan YILMAZ
© Copyright Ağustos 2023, Prof. Dr. İsmail KARAOĞLAN - Tüm Hakları Saklıdır Bilgi için: kalitekoOorludşintuartourlmluag uT@arkihtui: n1.4e.d1u0..t2r 025",https://www.ktun.edu.tr/Dosyalar/5015/files/Lisans%20Mezuniyet%20Komisyonu_xlsx%20-%20Ek-A3_1.pdf
KALİTE VE AKREDİTASYON,-Lisans Muafiyet Komisyonu,"--- Sayfa 1 ---
T.C. Doküman No YZMB-GT-3.14.001
KONYA TEKNİK ÜNİVERSİTESİ İlk Yayın Tarihi 01/10/2025
Mühendislik ve Doğa Bilimleri Fakültesi Revizyon No 0
Yapay Zeka ve Makine Öğrenmesi Bölümü Revizyon Tarihi
GÖREV TANIMI FORMU Sayfa 1 / 1
Görev Unvanı: Lisans Muafiyet Komisyonu Başkanı
Üst Birim Adı: Mühendislik ve Doğa Bilimleri Fakültesi
Birim Adı: Yapay Zeka ve Makine Öğrenmesi Bölümü
Üst Yönetici(ler): Bölüm Başkanı
Bağlı Alt Unvanlar: İntibak ve Muafiyet Komisyonu Üyeleri
Vekalet Eden:
Görevin Tanımı
Konya Teknik Üniversitesi'ne kayıt hakkı kazanan öğrencilerin; yatay geçiş, dikey geçiş, çift ana dal ve ders muafiyetleri ile ilgili
olarak yönetmelik ve yönerge hükümlerine göre faaliyet göstermek.
Görevin Sorumlulukları ve Yetkileri
1- Tüm geçişler ile ilgili bölüm uygulama esaslarını oluşturur ve uygular.
2- Kurumlar arası ve kurum içi geçiş/çift ana dal yapan öğrencilerin sınıf intibaklarını ve ders muafiyetlerini düzenler.
3- Diğer yükseköğretim kurumundaki eşdeğer derslerin bölümümüzdeki karşılıklarını belirler ve intibakları uygun görülenlerin
not dönüşümlerini yapar.
4- Yatay, dikey geçiş vb. yapan öğrencilerin intibakları ile ilgili dosyaları inceler ve çıktıları bilgisayar ortamında belgelikte tutar.
5- Af ile gelen öğrencilerin; Senato kararları doğrultusunda intibak ölçütlerini belirler, uygular ve çıktıları bilgisayar ortamında
belgelikte tutar.
Görevin Gerektirdiği Nitelikler
1- 2547 sayılı Yükseköğretim kanunu’nda belirtilen genel niteliklere sahip olmak,
2- Konya Teknik Üniversitesi Önlisans ve Lisans Eğitim Öğretim ve Sınav Yönetmeliğinde belirtilen hükümleri uygulayabilecek
nitelikte olmak
İşbu görev tanımını okuduğumu ve mevcut görevlerimi kapsadığını kabul ediyorum. Görev tanımı gerektiğinde güncelliği
sağlamak amacıyla revize edilecektir.
01/10/2025
Görev Unvanı Sorumlusu Onaylayan Üst Yönetici
Doç. Dr. Hakan YILMAZ Doç. Dr. Hakan YILMAZ
© Copyright Ağustos 2023, Prof. Dr. İsmail KARAOĞLAN - Tüm Hakları Saklıdır Bilgi için: kalitekoOorludşintuartourlmluag uT@arkihtui: n1.4e.d1u0..t2r 025",https://www.ktun.edu.tr/Dosyalar/5015/files/Lisans%20Muafiyet%20Komisyonu_xlsx%20-%20Ek-A3_1.pdf
KALİTE VE AKREDİTASYON,-Bölüm Proje Komisyonu,"--- Sayfa 1 ---
T.C. Doküman No YZMB-GT-3.14.001
KONYA TEKNİK ÜNİVERSİTESİ İlk Yayın Tarihi 01/10/2025
Mühendislik ve Doğa Bilimleri Fakültesi Revizyon No 0
Yapay Zeka ve Makine Öğrenmesi Bölümü Revizyon Tarihi
GÖREV TANIMI FORMU Sayfa 1 / 1
Görev Unvanı: Bölüm Proje Komisyonu Başkanı
Üst Birim Adı: Mühendislik ve Doğa Bilimleri Fakültesi
Birim Adı: Yapay Zeka ve Makine Öğrenmesi Bölümü
Üst Yönetici(ler): Bölüm Başkanı
Bağlı Alt Unvanlar: Bölüm Proje Komisyonu Üyeleri
Vekalet Eden:
Görevin Tanımı
Konya Teknik Üniversitesi, Mühendislik ve Doğa Bilimleri Fakültesi, Yapay Zeka ve Makine Öğrenmesi Bölümü müfredatındaki
1230801 kodlu Bitirme Projesi dersinin uygulanmasına ilişkin usul ve esasları belirlemek
Görevin Sorumlulukları ve Yetkileri
Konya Teknik Üniversitesi Senatosu tarafında kabul edilen Ön Lisans ve Lisans Eğitim-Öğretim Sınav Yönetmeliği'ne, Yapay
Zeka ve Makine Öğrenmesi Öğretim Planı ile ön şartlı dersler uygulamasına ve Akademik Takvime uygun olarak; Bitirme
Projelerine akademik danışmanlık yapan öğretim elemanları ile proje alan öğrencilerle ilgili faaliyet ve esasları kapsar.
Görevin Gerektirdiği Nitelikler
İşbu görev tanımını okuduğumu ve mevcut görevlerimi kapsadığını kabul ediyorum. Görev tanımı gerektiğinde güncelliği
sağlamak amacıyla revize edilecektir.
01/10/2025
Görev Unvanı Sorumlusu Onaylayan Üst Yönetici
Doç. Dr. Hakan YILMAZ Doç. Dr. Hakan YILMAZ
© Copyright Ağustos 2023, Prof. Dr. İsmail KARAOĞLAN - Tüm Hakları Saklıdır Bilgi için: kalitekoOorludşintuartourlmluag uT@arkihtui: n1.4e.d1u0..t2r 025",https://www.ktun.edu.tr/Dosyalar/5015/files/B%c3%b6l%c3%bcm%20Proje%20Komisyonu_xlsx%20-%20Ek-A3_1.pdf
KALİTE VE AKREDİTASYON,-Lisans Sınav ve Ders Programı Hazırlama Komisyonu,"--- Sayfa 1 ---
T.C. Doküman No YZMB-GT-3.14.001
KONYA TEKNİK ÜNİVERSİTESİ İlk Yayın Tarihi 01/10/2025
Mühendislik ve Doğa Bilimleri Fakültesi Revizyon No 0
Yapay Zeka ve Makine Öğrenmesi Bölümü Revizyon Tarihi
GÖREV TANIMI FORMU Sayfa 1 / 1
Görev Unvanı: Lisans Sınav ve Ders Programı Hazırlama Komisyonu
Üst Birim Adı: Mühendislik ve Doğa Bilimleri Fakültesi
Birim Adı: Yapay Zeka ve Makine Öğrenmesi Bölümü
Üst Yönetici(ler): Bölüm Başkanı
Bağlı Alt Unvanlar: Lisans Sınav ve Ders Programı Hazırlama Komisyonu Komisyonu Üyeleri
Vekalet Eden:
Görevin Tanımı
Yarıyıl başlamadan önce açılacak dersler ve bu derslerde görevlendirilecek öğretim elemanların belirlenmesi ve buna uygun
olarak ders programının hazırlanması
Görevin Sorumlulukları ve Yetkileri
Ders Programı:
Lisans düzeyi için güz ve bahar olamak üzere bir akademik yılda 2 defa hazırlanır.
Ders kayıt döneminden önce ders programını hazırlamak.
Ders programı hazırlamak için dönem başlamadan bölüm başkanları ile iletişime geçilerek Bölümlerde okutulacak derslerin ve
dersleri yürütecek öğretim üyelerinin/elemanlarının listeleri temin edilir.
Ders programı hazırlanmaya başlamadan ilgili öğretim üyeleri/elemanları ile iletişime geçilerek o dönem diğer eğitim
birimlerindeki dersleri ve idari görevleri hakkında bilgi toplanır. Ders programı elde edilen bu bilgiler kullanılarak diğer akademik
ve idari görevler ile çakışmayacak şekilde hazırlanacaktır.
İlgili öğretim üyeleri/elemanları ile iletişime geçilerek dersleri yürütmek istedikleri dersliklerde bulunması istenen teknik
ekipmanlar belirlenir.
Projeksiyon cihazı bulunan sınıf, laboratuvar, amfi vb. taleplere göre ders programında derslik ataması yapılacaktır.
Ders programı öğrenci sayıları, öğretim elemanlarının derslik talepleri, derslik kapasiteleri vb. kriterlere göre taslak olarak
hazırlanır.
Öğretim üyelerine taslak olarak hazırlanmış kişisel ders programları iletilir.
Kayıtlar başlamadan ders programları öğrencilere ilan edilir.
Sınav Programı:
Lisans sınav programları, güz ve bahar dönemlerinde hazırlanır.
Sınav programları, akademik takvimde belirtilen tarih aralıklarında hazırlanır.
Sınav programı hazırlamadan önce öğrenci işlerinden o dönem aktif öğrencilerin aldıkları derslerin listesi temin edilir. Bu
listeden faydalanarak her dersi alan öğrenci sayısı elde edilir ve hangi derse kaç sınıfın lazım olduğu bu sayıya göre belirlenir.
Sınav programları öğrencilerin derslerinin çakışmaması sağlanarak akademik takvimde belirlenen tarih aralığı için hazırlanır.
Sınavlarda görevlendirilecek gözetmenler, sınıf mevcutlarına göre atanır.
Görevin Gerektirdiği Nitelikler
Görevinin gerektirdiği düzeyde iş deneyimine sahip olmak
Faaliyetlerini en iyi şekilde sürdürebilmesi için gerekli karar verme ve sorun çözme niteliklerine sahip olmak.
Faaliyetlerin gerçekleştirilmesi için gerekli araç ve gereci kullanabilmek.
Dersler ve sınıflar hakkında bilgi sahibi olmak.
Öğretim elemanları ile iletişimde olmak.
Olası olumsuz durum ihtimallerine karşı hazırlıklı olmak.
Adil ve eşitlikçi olmak.
Fakülte yönetimi ve diğer bölümlerle koordineli hareket edebilmek.
© Copyright Ağustos 2023, Prof. Dr. İsmail KARAOĞLAN - Tüm Hakları Saklıdır Bilgi için: kalitekoOorludşintuartourlmluag uT@arkihtui: n1.4e.d1u0..t2r 025
--- Sayfa 2 ---
İşbu görev tanımını okuduğumu ve mevcut görevlerimi kapsadığını kabul ediyorum. Görev tanımı gerektiğinde güncelliği
sağlamak amacıyla revize edilecektir.
01/10/2025
Görev Unvanı Sorumlusu Onaylayan Üst Yönetici
Doç. Dr. Hakan YILMAZ Doç. Dr. Hakan YILMAZ
© Copyright Ağustos 2023, Prof. Dr. İsmail KARAOĞLAN - Tüm Hakları Saklıdır Bilgi için: kalitekoOorludşintuartourlmluag uT@arkihtui: n1.4e.d1u0..t2r 025",https://www.ktun.edu.tr/Dosyalar/5015/files/Lisans%20S%c4%b1nav%20ve%20Ders%20Program%c4%b1%20Haz%c4%b1rlama%20Komisyonu_xlsx%20-%20Ek-A3_1.pdf
KALİTE VE AKREDİTASYON,-Yandal ve Çift Anadal Koordinatörlüğü,"--- Sayfa 1 ---
T.C. Doküman No YZMB-GT-3.14.001
KONYA TEKNİK ÜNİVERSİTESİ İlk Yayın Tarihi 01/10/2025
Mühendislik ve Doğa Bilimleri Fakültesi Revizyon No 0
Yapay Zeka ve Makine Öğrenmesi Bölümü Revizyon Tarihi
GÖREV TANIMI FORMU Sayfa 1 / 1
Görev Unvanı: Yandal ve Çift Anadal Koordinatörü
Üst Birim Adı: Mühendislik ve Doğa Bilimleri Fakültesi
Birim Adı: Yapay Zeka ve Makine Öğrenmesi Bölümü
Üst Yönetici(ler): Bölüm Başkanı
Bağlı Alt Unvanlar: Yandal ve Çift Anadal Koordinatörlüğü Üyeleri
Vekalet Eden:
Görevin Tanımı
Çift Anadal/YandalProgramına başvuran öğrencilerin değerlendirilmesinin yapılması ve ders dönem planının gerçekleştirilmesi
Görevin Sorumlulukları ve Yetkileri
Çift Anadal/Yandal programına gelen öğrenciye verilecek dersler, muaf tutulacağı derslerin belirlenmesi öğrencilerin anadal
veya lisans programı danışmanları ile işbirliği içinde belirlemek,
Öğrencilerin muaf/denk tutulacağı derslere ilişkin bilgileri Bölümlerarası Müfredat Denklikleri Formuna işlemek ve bu formu
Fakülte Yönetim Kurulunda görüşülmek üzere Dekanlığa sunmak,
Çift Anadal/Yandalprogramları öğrencilerinin alacağı al programlarına öğrenci kabul eden bölümlerde öğrencilerin alacağı
dersleri belirlemede, derslerin alınacağı dönemleri planlamada öğrencilere yardımcı olmak,
Çift Anadal/Yandalprogramının amacına uygun biçimde yürütülmesini sağlamak,
Öğrencilerin ders danışmanı görevini yürütmek
Görevin Gerektirdiği Nitelikler
Yükseköğretim kurumlarında Lisans Düzeyindeki Programlar Arasında Geçiş, Çift Anadal, Yan Dal İle Kurumlararası Kredi
Transferi Yapılması Esaslarına İlişkin Yönetmelik hakkında bilgi sahibi olmak,
İstatistiksel analiz yapabilme,
Sorun çözebilme,
Sonuç odaklı olmak
İşbu görev tanımını okuduğumu ve mevcut görevlerimi kapsadığını kabul ediyorum. Görev tanımı gerektiğinde güncelliği
sağlamak amacıyla revize edilecektir.
01/10/2025
Görev Unvanı Sorumlusu Onaylayan Üst Yönetici
Doç. Dr. Hakan YILMAZ Doç. Dr. Hakan YILMAZ
© Copyright Ağustos 2023, Prof. Dr. İsmail KARAOĞLAN - Tüm Hakları Saklıdır Bilgi için: kalitekoOorludşintuartourlmluag uT@arkihtui: n1.4e.d1u0..t2r 025",https://www.ktun.edu.tr/Dosyalar/5015/files/Yandal%20ve%20%c3%87ift%20Anadal%20Koordinat%c3%b6rl%c3%bc%c4%9f%c3%bc2_xlsx%20-%20Ek-A3_1.pdf
KALİTE VE AKREDİTASYON,- Lisans Kabul Süreci,"--- Sayfa 1 ---
Doküman No
T.C.
KONYA TEKNİK ÜNİVERSİTESİ İlk Yayın Tarihi 07.03.2025
MÜHENDİSLİK VE DOĞA BİLİMLERİ FAK. Revizyon No
YAPAY ZEKA VE MAKİNE ÖĞRENMESİ
Revizyon
BÖLÜMÜ Tarihi
İŞ AKIŞ SÜREÇ FORMU
Sayfa 1 / 4
1- Sürecin Tanımı LİSANS ÖĞRENCİ KABULÜ
2- Sürecin Sahibi Yapay Zeka ve Makine Öğrenmesi Bölümü
3- Sürecin Amacı Lisans Programına Öğrenci Kayıt Kabullerinin Yapılması
4- İlgili Mevzuat 1- 2547 Sayılı Kanun Madde 44 ve Madde 45
Maddeleri
5- Riskler/Fırsatlar Bir Lisans programına kayıt yaptırmış olmak / olmamak
6- Süreç Girdileri 1- OSYM Kayıt Takvimi
(Belgeler) 2- KTUN Akademik Takvimi
3- Başbakanlık veya Yetkili makamların düzenlemiş olduğu protokoller
uyarınca kabul edilen yabancı öğrenci listesi
--- Sayfa 2 ---
Doküman No
T.C.
KONYA TEKNİK ÜNİVERSİTESİ İlk Yayın Tarihi 07.03.2025
MÜHENDİSLİK VE DOĞA BİLİMLERİ FAK. Revizyon No
YAPAY ZEKA VE MAKİNE ÖĞRENMESİ
Revizyon
BÖLÜMÜ Tarihi
İŞ AKIŞ SÜREÇ FORMU
Sayfa 2 / 4
7- Süreç Sorumlusu 8- İ ş Akış Şeması 9- Süreç Çıktıları
--- Sayfa 3 ---
Doküman No
T.C.
KONYA TEKNİK ÜNİVERSİTESİ İlk Yayın Tarihi 07.03.2025
MÜHENDİSLİK VE DOĞA BİLİMLERİ FAK. Revizyon No
YAPAY ZEKA VE MAKİNE ÖĞRENMESİ
Revizyon
BÖLÜMÜ Tarihi
İŞ AKIŞ SÜREÇ FORMU
Sayfa 3 / 4
--- Sayfa 4 ---
Doküman No
T.C.
KONYA TEKNİK ÜNİVERSİTESİ İlk Yayın Tarihi 07.03.2025
MÜHENDİSLİK VE DOĞA BİLİMLERİ FAK. Revizyon No
YAPAY ZEKA VE MAKİNE ÖĞRENMESİ
Revizyon
BÖLÜMÜ Tarihi
İŞ AKIŞ SÜREÇ FORMU
Sayfa 4 / 4
10- SÜREÇ
ÖLÇME KRİTERLERİ
11- SÜREÇ Yeni (İlk) Kayıt
PERİYODU",https://www.ktun.edu.tr/Dosyalar/5008/files/Lisans%20Kabul%20S%c3%bcreci(1).pdf
KALİTE VE AKREDİTASYON,- Lisans Ders Programı Hazırlama Süreci,"--- Sayfa 1 ---
Doküman No
T.C.
KONYA TEKNİK ÜNİVERSİTESİ İlk Yayın Tarihi 07.03.2025
MÜHENDİSLİK VE DOĞA BİLİMLERİ FAK. Revizyon No
YAPAY ZEKA VE MAKİNE ÖĞRENMESİ
Revizyon
BÖLÜMÜ Tarihi
İŞ AKIŞ SÜREÇ FORMU
Sayfa 1 / 3
1- Sürecin Tanımı LİSANS DERS PROGRAMI HAZIRLAMA SÜRECİ
2- Sürecin Sahibi Yapay Zeka ve Makine Öğrenmesi Bölümü
3- Sürecin Amacı Ders programını, öğrenci sayısına, öğrencilerin gireceği derslerin
çakışmamasına ve ders sorumlusu öğretim elemanlarının görev
programlarına uygun şekilde ayarlamak.
4- İlgili Mevzuat 1- Konya Teknik Üniversitesi Önlisans ve Lisans Eğitim-Öğretim ve Sınav
Maddeleri Yönetmeliği
5- Riskler/Fırsatlar
6- Süreç Girdileri 1- Ders işleniş şekli bilgileri
(Belgeler) 2- Ders öğrenci sayısı bilgileri
3- Yeterli kapasitede sınıflar
--- Sayfa 2 ---
Doküman No
T.C.
KONYA TEKNİK ÜNİVERSİTESİ İlk Yayın Tarihi 07.03.2025
MÜHENDİSLİK VE DOĞA BİLİMLERİ FAK. Revizyon No
YAPAY ZEKA VE MAKİNE ÖĞRENMESİ
Revizyon
BÖLÜMÜ Tarihi
İŞ AKIŞ SÜREÇ FORMU
Sayfa 2 / 3
7- Süreç Sorumlusu 8- İ ş Akış Şeması 9- Süreç Çıktıları
--- Sayfa 3 ---
Doküman No
T.C.
KONYA TEKNİK ÜNİVERSİTESİ İlk Yayın Tarihi 07.03.2025
MÜHENDİSLİK VE DOĞA BİLİMLERİ FAK. Revizyon No
YAPAY ZEKA VE MAKİNE ÖĞRENMESİ
Revizyon
BÖLÜMÜ Tarihi
İŞ AKIŞ SÜREÇ FORMU
Sayfa 3 / 3
10- SÜREÇ Ders döneminde programın zaman ve yer bakımından derslerin işlenişine
ÖLÇME KRİTERLERİ uygun ve program açısından sorunsuz bir şekilde yürütülmesi.
11- SÜREÇ Yılda iki defa her ders dönemi başında yapılır.
PERİYODU",https://www.ktun.edu.tr/Dosyalar/5008/files/Lisans%20Ders%20Program%c4%b1%20Haz%c4%b1rlama%20S%c3%bcreci(1).pdf
KALİTE VE AKREDİTASYON,- Lisans Kabul Süreci- Lisans Ders Programı Hazırlama Süreci- Staj Süreci- Lisans Mezuniyet Süreci- Lisans Muafiyet Süreci- Bitirme Projesi Süreci- Lisans Sınav Programı Hazırlama Süreci- Yandal-Çift Anadal Süreci,"--- Sayfa 1 ---
Doküman No
T.C.
KONYA TEKNİK ÜNİVERSİTESİ İlk Yayın Tarihi 07.03.2025
MÜHENDİSLİK VE DOĞA BİLİMLERİ FAK. Revizyon No
YAPAY ZEKA VE MAKİNE ÖĞRENMESİ
Revizyon
BÖLÜMÜ Tarihi
İŞ AKIŞ SÜREÇ FORMU
Sayfa 1 / 3
1- Sürecin Tanımı MESLEKİ STAJ DERSLERİNE İLİŞKİN STAJ BAŞVURU VE
DEĞERLENDİRME SÜRECİ
2- Sürecin Sahibi Staj Komisyonu
3- Sürecin Amacı Konya Teknik Üniversitesi Mühendislik ve Doğa Bilimleri Fakültesi Yapay
Zeka ve Makine Öğrenmesi bölümünde öğrenim gören lisans öğrencilerinin
teorik bilginin yanında pratik bilgi ve becerilerini artırmak, iş ve meslek
hayatına ilişkin deneyimler kazanmalarını sağlamak.
4- İlgili Mevzuat 1- Konya Teknik Üniversitesi Önlisans ve Lisans Programları Staj Yönergesi,
Maddeleri 2- Konya Teknik Üniversitesi Mühendislik ve Doğa Bilimleri Fakültesi Yapay
Zeka ve Makine Öğrenmesi Staj Yönergesi,
3- Konya Teknik Üniversitesi Ön Lisans ve Lisans Eğitim-Öğretim Sınav
Yönetmeliği
5- Riskler/Fırsatlar Öğrencilerin mezuniyet öncesi iş hayatını tecrübe etmesi, mesleki
beklentilerin yerinde gözlenmesi, alana özgü teknik yaklaşımların
deneyimlenmesi.
6- Süreç Girdileri 1- Staj Başvuru Formu,
(Belgeler) 2- Sağlık Hizmetleri Bildirim Formu,
3- Staj Ücretlerine İşsizlik Fonu Katkısı Öğrenci ve İşveren Bilgi Formu,
4- SPAS Belgesi,
5- Kimlik Fotokopisi,
6- Staj Sicil Fişi (İşveren tarafından hazırlanmış, mühürlenmiş kapalı zarf
içinde),
7- Staj Defteri Ön Kapak Sayfası,
8- Staj Defteri
--- Sayfa 2 ---
Doküman No
T.C.
KONYA TEKNİK ÜNİVERSİTESİ İlk Yayın Tarihi 07.03.2025
MÜHENDİSLİK VE DOĞA BİLİMLERİ FAK. Revizyon No
YAPAY ZEKA VE MAKİNE ÖĞRENMESİ
Revizyon
BÖLÜMÜ Tarihi
İŞ AKIŞ SÜREÇ FORMU
Sayfa 2 / 3
7- Süreç Sorumlusu 8- İ ş Akış Şeması 9- Süreç Çıktıları
--- Sayfa 3 ---
Doküman No
T.C.
KONYA TEKNİK ÜNİVERSİTESİ İlk Yayın Tarihi 07.03.2025
MÜHENDİSLİK VE DOĞA BİLİMLERİ FAK. Revizyon No
YAPAY ZEKA VE MAKİNE ÖĞRENMESİ
Revizyon
BÖLÜMÜ Tarihi
İŞ AKIŞ SÜREÇ FORMU
Sayfa 3 / 3
10- SÜREÇ Teslim edilen staj evraklarının Konya Teknik Üniversitesi Mühendislik ve Doğa
ÖLÇME KRİTERLERİ Bilimleri Fakültesi Yapay Zeka ve Makine Öğrenmesi Staj Yönergesine uygun
olması, staj defteri içeriğinin staj komisyonu değerlendirmesinden başarılı
olarak geçmesi.
11- SÜREÇ Öğrencinin 2. Sınıfı bitirdiği yaz dönemi (Mesleki Staj I için) ve 3. Sınıfı bitirdiği
PERİYODU yaz dönemi (Mesleki Staj II için)",https://www.ktun.edu.tr/Dosyalar/5008/files/Staj%20S%c3%bcreci(1).pdf
KALİTE VE AKREDİTASYON,- Lisans Mezuniyet Süreci,"--- Sayfa 1 ---
Doküman No
T.C.
KONYA TEKNİK ÜNİVERSİTESİ İlk Yayın Tarihi 07.03.2025
MÜHENDİSLİK VE DOĞA BİLİMLERİ FAK. Revizyon No
YAPAY ZEKA VE MAKİNE ÖĞRENMESİ
Revizyon
BÖLÜMÜ Tarihi
İŞ AKIŞ SÜREÇ FORMU
Sayfa 1 / 2
1- Sürecin Tanımı LİSANS MEZUNİYET SÜRECİ
2- Sürecin Sahibi Öğrenci İşleri Daire Başkanlığı
3- Sürecin Amacı Gerekli şartları yerine getirmiş öğrencilerin mezuniyet işlemlerinin yapılması.
4- İlgili Mevzuat 1- Bir öğrencinin kayıtlı olduğu önlisans programından mezun olabilmesi için
Maddeleri en az 120 AKTS kredisi, lisans programından mezun olabilmesi için ise
toplamda en az 240 AKTS kredisini başarıyla tamamlaması gerekir. Ayrıca
öğrencilerin eğitim-öğretim planındaki bütün dersleri başarmış olması ve
genel ağırlıklı not ortalamasının 2,00 olması gerekir.
2- Öğrencilerin mezuniyet tarihi sınav döneminin son günüdür. Ancak bu
tarihe kadar tek ders, staj, endüstriye dayalı eğitim, arazi çalışması ve
benzeri sebeplerle mezun olamayan öğrenci tek ders sınavında başarılı
olduğu veya bu çalışmalarını başarı ile tamamladığı tarihte mezun olmuş
sayılır.
3- Mezuniyeti bir sonraki yarıyıla/yarıyıllara kalan öğrenci ise o
yarıyılın/yarıyılların katkı payını/öğrenim ücretini öder.
5- Riskler/Fırsatlar Normal lisans süresinde mezun olan öğrenci herhangi bir ücret ödemek
zorunda kalmaz. Ayrıca uzatma durumunda, daha önce alıp kaldığı derslerin
tekrar açılmama durumunda başka bir ders almak zorunda kalır ve devam
mecburiyeti varsa buna uyması gerekir.
6- Süreç Girdileri 1- İlişik Kesme Belgesini
(Belgeler) 2- Diploma Tercih Dilekçesi
3- Diploma Eki Tercih Dilekçesi
4- Danışman, Bölüm Başkanı, Öğrenci İşleri Şefi ve Fakülte Sekreterine
imzalatılan bir adet transkript
5- Öğrenci işlerine vermek için (1) adet kimlik fotokopisi
--- Sayfa 2 ---
Doküman No
T.C.
KONYA TEKNİK ÜNİVERSİTESİ İlk Yayın Tarihi 07.03.2025
MÜHENDİSLİK VE DOĞA BİLİMLERİ FAK. Revizyon No
YAPAY ZEKA VE MAKİNE ÖĞRENMESİ
Revizyon
BÖLÜMÜ Tarihi
İŞ AKIŞ SÜREÇ FORMU
Sayfa 2 / 2
10- SÜREÇ Konya Teknik Üniversitesi Önlisans ve Lisans Eğitim-Öğretim ve Sınav
ÖLÇME KRİTERLERİ Yönetmeliğinde belirtilen hükümler çerçevesinde öğrencinin mezuniyet
şartlarını sağlayıp sağlamadığının belirlenmesi
11- SÜREÇ Yarıyılların sonu, tek ders sınavına kalan veya ek çalışma yapması (staj vb.)
PERİYODU gereken öğrenciler için sınavın veya çalışmaların başarıyla tamamlanması
sonrası.",https://www.ktun.edu.tr/Dosyalar/5008/files/Lisans%20Mezuniyet%20S%c3%bcreci(1).pdf
KALİTE VE AKREDİTASYON,- Lisans Muafiyet Süreci,"--- Sayfa 1 ---
Doküman No
T.C.
KONYA TEKNİK ÜNİVERSİTESİ İlk Yayın Tarihi 07.03.2025
MÜHENDİSLİK VE DOĞA BİLİMLERİ FAK. Revizyon No
YAPAY ZEKA VE MAKİNE ÖĞRENMESİ
Revizyon
BÖLÜMÜ Tarihi
İŞ AKIŞ SÜREÇ FORMU
Sayfa 1 / 3
1- Sürecin Tanımı DERS MUAFİYETİ SÜRECİ
2- Sürecin Sahibi Lisans Muafiyet ve İntibak Komisyonu
3- Sürecin Amacı Herhangi bir Yükseköğretim Programından ve/veya ulusal/uluslararası
değişim programları ile gidip öğrenim gördükleri kurumlardan alıp başardığı
derslerin muafiyet ve yarıyıl/yıl intibak esasları ile muafiyet işlemlerinin
yapılması.
4- İlgili Mevzuat 1- Yükseköğretim Kurumlarında Önlisans ve Lisans Düzeyindeki Programlar
Maddeleri Arasında Geçiş, Çift Anadal, Yan Dal ile Kurumlar Arası Kredi Transferi
Yapılması Esaslarına İlişkin Yönetmelik
2- Konya Teknik Üniversitesi Ön Lisans ve Lisans Eğitim-Öğretim Sınav
Yönetmeliği,
3- Muafiyet ve intibak işlemleri yönergesi
5- Riskler/Fırsatlar Ders tekrarı/Öğrencinin muaf olduğu derslerden yükünün kaldırılması, erken
mezun olabilme fırsatı elde etmesi
6- Süreç Girdileri 1- Öğrencinin muafiyet başvuru dilekçesi
(Belgeler) 2- Transkript ve not durum belgesi (mühürlü, kaşeli ve imzalı)
3- Ders içerikleri (Öğrencinin geldiği Yükseköğretim kurumuna ait ders
içerikleri)
--- Sayfa 2 ---
Doküman No
T.C.
KONYA TEKNİK ÜNİVERSİTESİ İlk Yayın Tarihi 07.03.2025
MÜHENDİSLİK VE DOĞA BİLİMLERİ FAK. Revizyon No
YAPAY ZEKA VE MAKİNE ÖĞRENMESİ
Revizyon
BÖLÜMÜ Tarihi
İŞ AKIŞ SÜREÇ FORMU
Sayfa 2 / 3
7- Süreç Sorumlusu 8- İ ş Akış Şeması 9- Süreç Çıktıları
--- Sayfa 3 ---
Doküman No
T.C.
KONYA TEKNİK ÜNİVERSİTESİ İlk Yayın Tarihi 07.03.2025
MÜHENDİSLİK VE DOĞA BİLİMLERİ FAK. Revizyon No
YAPAY ZEKA VE MAKİNE ÖĞRENMESİ
Revizyon
BÖLÜMÜ Tarihi
İŞ AKIŞ SÜREÇ FORMU
Sayfa 3 / 3
10- SÜREÇ Konya Teknik Üniversitesi Mühendislik Ve Doğa Bilimleri Fakültesi Muafiyet Ve
ÖLÇME KRİTERLERİ İntibak İşlemleri Yönergesi kapsamında muafiyet için önceden alınmış ve
başarılmış dersin; eşit veya daha yüksek AKTS ve/veya kredi-saat olması ve
ders içeriği uyumu/yeterliliğinin sağlanması şartı,
11- SÜREÇ Yeni (İlk) Kayıt, Yatay (Kurum içi, Kurum dışı) Geçiş, Dikey Geçiş, Ek Madde-1
PERİYODU ile Geçiş, Yaz Okulunda Ders Alma, Erasmus işlemleri sonrası.",https://www.ktun.edu.tr/Dosyalar/5008/files/Lisans%20Muafiyet%20S%c3%bcreci(1).pdf
KALİTE VE AKREDİTASYON,- Bitirme Projesi Süreci,"--- Sayfa 1 ---
Doküman No
T.C.
KONYA TEKNİK ÜNİVERSİTESİ İlk Yayın Tarihi 07.03.2025
MÜHENDİSLİK VE DOĞA BİLİMLERİ FAK. Revizyon No
YAPAY ZEKA VE MAKİNE ÖĞRENMESİ
Revizyon
BÖLÜMÜ Tarihi
İŞ AKIŞ SÜREÇ FORMU
Sayfa 1 / 3
1- Sürecin Tanımı BİTİRME PROJESİ SÜRECİ
2- Sürecin Sahibi Yapay Zeka ve Makine Öğrenmesi Bölüm Başkanlığı
3- Sürecin Amacı Konya Teknik Üniversitesi, Mühendislik ve Doğa Bilimleri Fakültesi, Yapay
Zeka ve Makine Öğrenmesi Bölümü 1230801 kodlu Bitirme Projesi dersinin
uygulanmasına ilişkin usul ve esasları belirlemektir.
4- İlgili Mevzuat 1- Konya Teknik Üniversitesi Ön Lisans ve Lisans Eğitim-Öğretim Sınav
Maddeleri Yönetmeliği,
2- Yapay Zeka ve Makine Öğrenmesi Öğretim Planı ve ön şartlı dersler
uygulaması
5- Riskler/Fırsatlar Ders tekrarı, ön şartlar / Öğrencinin muaf olduğu derslerden yükünün
kaldırılması, erken mezun olabilme fırsatı elde etmesi, grup çalışması
yapabilmesi
6- Süreç Girdileri 1- Ders kaydı esnasında, ilgili derslere kayıt yaptıran öğrencilere ait liste
(Belgeler) 2- İlgili dönemde Bitirme Projesi verebilecek öğretim elemanlarına ait liste
3- Öğretim elemanlarından alınan ve projeler için akademik danışmanlık
yapmayı kabul ettikleri öğrencilere ait kabul listesi
4- Proje alımı için öğrencilere atanan danışmanları gösteren sonuç listesi
5- Öğrencilerle projeye danışmanlık yapacak öğretim elemanı arasında
imzalanan proje sözleşme formları
6- Öğrenci tarafından hazırlanıp, proje danışmanı tarafından onaylanmış
olan dönem içi ara sınav ve dönem sonu final raporları
7- Yılsonunda hazırlanan poster ve projeye ait tüm belgeleri içeren CD
8- Güz / Bahar Dönem sonlarında; yoklama listeleri ile birlikte, her Proje
Komisyonundan alınan, jüri ortak imzalı ve değerlendirme sonucunu
gösteren Proje Değerlendirme ve Sonuç formu
--- Sayfa 2 ---
Doküman No
T.C.
KONYA TEKNİK ÜNİVERSİTESİ İlk Yayın Tarihi 07.03.2025
MÜHENDİSLİK VE DOĞA BİLİMLERİ FAK. Revizyon No
YAPAY ZEKA VE MAKİNE ÖĞRENMESİ
Revizyon
BÖLÜMÜ Tarihi
İŞ AKIŞ SÜREÇ FORMU
Sayfa 2 / 3
7- Süreç Sorumlusu 8- İ ş Akış Şeması 9- Süreç Çıktıları
--- Sayfa 3 ---
Doküman No
T.C.
KONYA TEKNİK ÜNİVERSİTESİ İlk Yayın Tarihi 07.03.2025
MÜHENDİSLİK VE DOĞA BİLİMLERİ FAK. Revizyon No
YAPAY ZEKA VE MAKİNE ÖĞRENMESİ
Revizyon
BÖLÜMÜ Tarihi
İŞ AKIŞ SÜREÇ FORMU
Sayfa 3 / 3
10- SÜREÇ KTÜN Önlisans ve Lisans Eğitim Öğretim Sınav Yönetmeliği, projenin
ÖLÇME KRİTERLERİ yapılması esnasında yapılan kodlama, veritabanı, materyal vb. hazırlama; proje
nihai sonuç ve çıktıları
11- SÜREÇ Proje dersine kayıt, projeye akademik danışman ataması, projenin danışman
PERİYODU ile yapılması, değerlendirme için komisyon önünde sözlü sunum,",https://www.ktun.edu.tr/Dosyalar/5008/files/Bitirme%20Projesi%20S%c3%bcreci.pdf
KALİTE VE AKREDİTASYON,- Lisans Sınav Programı Hazırlama Süreci,"--- Sayfa 1 ---
Doküman No
T.C.
KONYA TEKNİK ÜNİVERSİTESİ İlk Yayın Tarihi 07.03.2025
MÜHENDİSLİK VE DOĞA BİLİMLERİ FAK. Revizyon No
YAPAY ZEKA VE MAKİNE ÖĞRENMESİ
Revizyon
BÖLÜMÜ Tarihi
İŞ AKIŞ SÜREÇ FORMU
Sayfa 1 / 3
1- Sürecin Tanımı LİSANS SINAV PROGRAMI HAZIRLAMA SÜRECİ
2- Sürecin Sahibi Yapay Zeka ve Makine Öğrenmesi Bölümü
3- Sürecin Amacı Sınav programını, öğrenci sayısına ve öğrencilerin gireceği sınavların
çakışmamasına, sınıf mevcutlarını sınıftaki sınav düzenine uyacak sayıda
ayarlayıp, akademik takvime göre olan tarih aralıklarında ayarlayıp idari
izinde olmayan öğretim görevlilerine taslağı yollayıp programı
tamamlamaktır.
4- İlgili Mevzuat 1- Konya Teknik Üniversitesi Önlisans ve Lisans Eğitim-Öğretim ve Sınav
Maddeleri Yönetmeliği
5- Riskler/Fırsatlar
6- Süreç Girdileri 1- Ders sınav yapılış şekli bilgileri
(Belgeler) 2- Ders öğrenci sayısı bilgileri
3- Yeterli kapasitede sınıflar
4- Yeterli sayıda gözetmen
5- Diğer birimlerle ortak sınav gün ve saat bilgileri
--- Sayfa 2 ---
Doküman No
T.C.
KONYA TEKNİK ÜNİVERSİTESİ İlk Yayın Tarihi 07.03.2025
MÜHENDİSLİK VE DOĞA BİLİMLERİ FAK. Revizyon No
YAPAY ZEKA VE MAKİNE ÖĞRENMESİ
Revizyon
BÖLÜMÜ Tarihi
İŞ AKIŞ SÜREÇ FORMU
Sayfa 2 / 3
7- Süreç Sorumlusu 8- İ ş Akış Şeması 9- Süreç Çıktıları
10- SÜREÇ Sınav döneminde programın zaman ve yer bakımından sınavların yapılış
ÖLÇME KRİTERLERİ şekline uygun ve program açısından sorunsuz bir şekilde yürütülmesi.
--- Sayfa 3 ---
Doküman No
T.C.
KONYA TEKNİK ÜNİVERSİTESİ İlk Yayın Tarihi 07.03.2025
MÜHENDİSLİK VE DOĞA BİLİMLERİ FAK. Revizyon No
YAPAY ZEKA VE MAKİNE ÖĞRENMESİ
Revizyon
BÖLÜMÜ Tarihi
İŞ AKIŞ SÜREÇ FORMU
Sayfa 3 / 3
11- SÜREÇ Her ders dönemi içerisinde ve sonunda (ara, mazeret, gene, bütünleme ve tek
PERİYODU ders sınavları) yapılır",https://www.ktun.edu.tr/Dosyalar/5008/files/Lisans%20S%c4%b1nav%20Program%c4%b1%20Haz%c4%b1rlama%20S%c3%bcreci(1).pdf
KALİTE VE AKREDİTASYON,- Yandal-Çift Anadal Süreci,"--- Sayfa 1 ---
Doküman No
T.C.
KONYA TEKNİK ÜNİVERSİTESİ İlk Yayın Tarihi 07.03.2025
MÜHENDİSLİK VE DOĞA BİLİMLERİ FAK. Revizyon No
YAPAY ZEKA VE MAKİNE ÖĞRENMESİ
Revizyon
BÖLÜMÜ Tarihi
İŞ AKIŞ SÜREÇ FORMU
Sayfa 1 / 3
1- Sürecin Tanımı ÇİFT ANADAL VE YANDAL PROGRAMLARINA BAŞVURU VE KABUL
SÜRECİ
2- Sürecin Sahibi Yapay Zeka ve Makine Öğrenmesi Bölümü
3- Sürecin Amacı Çift Anadal ve Yandal programlarına başvuruların alınması ve başvuru
kabulünün yapılması.
4- İlgili Mevzuat 1- Yükseköğretim Kurumlarında Önlisans ve Lisans Düzeyindeki Programlar
Maddeleri Arasında Geçiş, Çift Anadal, Yan Dal ile Kurumlar Arası Kredi Transferi
Yapılması Esaslarına İlişkin Yönetmelik
2- Konya Teknik Üniversitesi Çift Anadal ve Yandal Programı Yönergesi
5- Riskler/Fırsatlar Programa başvuru, kabul ve kaydının yönetmelik ve yönergeye uygun olarak
yapılmaması, Ders tekrarı/Öğrencinin muaf olduğu derslerden yükünün
kaldırılması, erken mezun olabilme fırsatı elde etmesi
6- Süreç Girdileri 1- Öğrencinin başvuru dilekçesi
(Belgeler) 2- Transkript ve not durum belgesi (mühürlü, kaşeli ve imzalı)
3- Ders içerikleri (Öğrencinin geldiği Yükseköğretim kurumuna ait ders
içerikleri)
--- Sayfa 2 ---
Doküman No
T.C.
KONYA TEKNİK ÜNİVERSİTESİ İlk Yayın Tarihi 07.03.2025
MÜHENDİSLİK VE DOĞA BİLİMLERİ FAK. Revizyon No
YAPAY ZEKA VE MAKİNE ÖĞRENMESİ
Revizyon
BÖLÜMÜ Tarihi
İŞ AKIŞ SÜREÇ FORMU
Sayfa 2 / 3
7- Süreç Sorumlusu 8- İş Akış Şeması 9- Süreç Çıktıları
--- Sayfa 3 ---
Doküman No
T.C.
KONYA TEKNİK ÜNİVERSİTESİ İlk Yayın Tarihi 07.03.2025
MÜHENDİSLİK VE DOĞA BİLİMLERİ FAK. Revizyon No
YAPAY ZEKA VE MAKİNE ÖĞRENMESİ
Revizyon
BÖLÜMÜ Tarihi
İŞ AKIŞ SÜREÇ FORMU
Sayfa 3 / 3
10- SÜREÇ Konya Teknik Üniversitesi Mühendislik ve Doğa Bilimleri Fakültesi çift anadal
ÖLÇME KRİTERLERİ programına başvurulabilmesi öğrencinin başvurduğu döneme kadar anadal
lisans programında yer alan tüm dersleri almış ve başarmış olması, başvurusu
sırasındaki genel not ortalamasının en az 2.75 olması ve anadal programının
ilgili sınıfında başarı sıralaması itibarı ile en üst % 20' de bulunması ve çift
anadal yapılacak programın ilgili yıldaki taban puanından az olmamak üzere
puana sahip olması gerekir. Öğrencinin yandal programına başvurabilmesi için
kendi anadal programında başvurduğu yarıyıla kadar olan tüm dersleri almış ve
başarmış olması ve ayrıca başvuru sırasındaki genel not ortalamasının en az
2.50 olması gerekir.
11- SÜREÇ Yeni (İlk) Kayıt, Dönem Kaydı
PERİYODU",https://www.ktun.edu.tr/Dosyalar/5008/files/Yandal-%c3%87ift%20Anadal%20S%c3%bcreci(1).pdf
İLETİŞİM,Yapay Zeka ve Makine Öğrenmesi,"Adres
Yapay Zeka ve Makine Öğrenmesi Bölümü Mühendislik ve Doğa Bilimleri Fakültesi Konya Teknik Üniversitesi 42075 Selçuklu / KONYA",https://www.ktun.edu.tr/tr/Birim/Iletisim/?brm=wdRW2LJoXBuHYaMj+9/7Eg==
